member_id,name,email,phone,tier,join_date,churn_date,age,city,gender
M0000,Lisa Friedman,douglas82@example.net,971.243.0803x118,basic,2023-10-17,2024-05-04,26,South Jostad,Other
M0001,Raymond Glenn,martinezamber@example.org,001-373-427-7917,premium,2022-04-15,,23,East Marybury,Other
M0002,Barbara Richards,mbaxter@example.net,407-893-0909x807,basic,2023-03-09,2023-06-24,50,New Michaelbury,Other
M0003,Matthew Watkins,jason98@example.org,(820)705-7589x244,standard,2022-01-28,,62,New Edwardport,Other
M0004,Benjamin Freeman,khardy@example.org,282-205-4833,basic,2023-03-06,2024-03-01,18,Joneshaven,M
M0005,Angela Glenn,trevor25@example.com,293.955.0602x67921,basic,2023-12-16,,31,Port Nicholas,F
M0006,Robin Hill,jessica82@example.com,001-694-270-3211x11031,basic,2022-04-15,2022-08-02,40,East Williammouth,Other
M0007,Rhonda Mason,benjaminmills@example.net,001-276-884-0333x13848,standard,2022-09-28,,52,North Joshua,M
M0008,Rachael Butler,brianpugh@example.org,361.406.1236,premium,2023-01-23,2023-08-21,57,New Audrey,F
M0009,Shelly Wang,jon17@example.com,(338)916-5583,basic,2023-08-15,2023-11-18,32,North Joseph,F
M0010,Noah Rush,lovealison@example.com,691.375.5138x277,premium,2022-03-23,,42,Port Matthew,F
M0011,Rebecca Miller,rgibbs@example.org,(963)487-9434x813,basic,2023-04-10,,41,Port Shaunborough,F
M0012,Ann Duffy,christopher06@example.org,578.601.1329x5805,standard,2022-08-03,,61,Port Brittany,Other
M0013,Karl Davis,andrew48@example.com,001-944-284-1231x4557,basic,2022-03-15,,64,Lorishire,M
M0014,Lindsey Baker,marcia93@example.net,969-856-8007,basic,2022-06-17,,58,Briantown,Other
M0015,Jennifer Torres,rodgersjames@example.org,7474456922,premium,2023-07-25,2024-03-07,21,South Dorismouth,M
M0016,Jason Adams,gcharles@example.org,693.837.6249x30553,basic,2022-02-02,,22,Lake Deborahside,M
M0017,Stacey Fisher,amyhunt@example.org,(713)512-3215x34012,basic,2023-08-04,,59,Lake Timothy,F
M0018,Laura Chavez,carpenterfrank@example.com,+1-633-270-0457x65408,standard,2023-02-10,,27,Micheleport,F
M0019,Michael Mclean,rachel65@example.org,001-790-430-1519,standard,2022-05-23,2023-05-05,65,Brownville,Other
M0020,Stephanie Hayden,briley@example.com,001-672-906-5829x742,basic,2023-03-15,,32,Skinnerbury,M
M0021,Danielle Taylor,woodanthony@example.com,599.928.1616,standard,2023-06-06,,25,Lake Laurastad,M
M0022,Gregory Martinez,hicksdiana@example.net,+1-593-666-0396x67169,standard,2023-10-05,2024-06-01,42,Osbornemouth,F
M0023,Michelle Alvarado,sheenaperez@example.com,276-230-5248x95837,standard,2023-09-03,,53,West Amanda,M
M0024,Jennifer Jackson,samantha47@example.org,489.417.4010,standard,2023-11-28,,52,Christinaview,F
M0025,Robert Smith,adam07@example.org,001-452-581-1454x134,basic,2023-10-19,,28,Lake Martha,F
M0026,Daniel Marshall,christine95@example.org,(501)329-5359x951,premium,2022-01-04,,34,Mendozamouth,Other
M0027,Elizabeth Dougherty,johnmartin@example.org,001-344-350-6909x580,basic,2022-07-02,,58,Wagnerstad,F
M0028,Dr. Brandi Hall,yayala@example.net,6328418865,basic,2023-10-17,,41,Lake Luke,M
M0029,Stacy Valdez,qmartin@example.com,(751)543-5395,premium,2023-07-07,,18,Mooreland,Other
M0030,Martin Cook,diana89@example.com,(281)340-9690x16549,basic,2022-11-28,,41,West Carolton,F
M0031,Joseph Lewis,kennethcook@example.net,(506)238-7674,premium,2022-09-03,2023-08-19,23,East Heidifurt,Other
M0032,Michael Wright,amyhenderson@example.net,679.898.4582x927,premium,2023-05-13,,52,Lake Tanyaville,M
M0033,Jeremy Estrada,justinparsons@example.com,+1-299-353-3597,premium,2022-05-12,,28,Gregfort,F
M0034,Andre Barrett,amber26@example.net,001-806-974-4454,basic,2023-06-25,,31,Port Andrea,Other
M0035,David Terrell,sanchezmonica@example.com,+1-568-444-9830x94661,basic,2023-12-08,2024-06-01,60,North Nathanborough,Other
M0036,Aaron Murphy,ucrawford@example.com,766-417-9231,standard,2023-01-18,,25,Karenchester,M
M0037,Ashley Thomas,tylerjenkins@example.net,001-582-283-7645,standard,2022-08-19,2022-10-28,32,Shawnaland,Other
M0038,Deborah Lopez,melissahansen@example.org,523.422.0497x980,basic,2022-08-14,2023-09-01,22,Melanieville,M
M0039,Dylan Figueroa,whitney79@example.com,435-618-6738x684,basic,2022-12-05,2023-06-04,49,West Zacharybury,M
M0040,Rebecca Hernandez,stacybecker@example.org,001-246-691-3259x47493,standard,2023-07-07,2024-06-01,33,New Ronaldville,F
M0041,Michael Daniels,knguyen@example.org,+1-638-968-9400x27272,standard,2023-02-21,2023-06-10,40,North Rebeccaview,F
M0042,Thomas Lee,tcoleman@example.com,622-932-1873x45044,standard,2023-02-25,,61,Lake Brett,Other
M0043,Stephanie Stone,cgonzalez@example.org,491-672-1372x78838,standard,2023-10-24,2024-06-01,24,Whiteton,M
M0044,George Brooks,zoefranklin@example.net,+1-418-759-0563x6122,basic,2022-07-16,2023-05-01,29,West Jenniferchester,F
M0045,Craig Costa,robertwallace@example.net,674.688.1457x2896,basic,2023-04-19,2023-07-26,53,New Angelaburgh,M
M0046,Karen Cox,knelson@example.com,728-522-7622x87885,standard,2022-02-21,,18,Garciastad,M
M0047,Mr. Ronald Larsen,kelly30@example.net,8018409191,basic,2022-08-31,2023-07-05,43,South Jeffery,M
M0048,Brooke Castro,underwoodthomas@example.org,3557335550,premium,2022-06-18,,34,Jacobstad,F
M0049,Robert Warner,dgreen@example.net,404.483.4775,premium,2022-10-20,,53,West Diana,Other
M0050,Paul Schaefer,ryandawn@example.org,7736127829,basic,2023-05-14,2023-12-11,21,East Megan,Other
M0051,Courtney Webster,benjaminethan@example.org,001-639-771-6391x3173,basic,2023-07-10,2024-02-15,55,Morrisonside,F
M0052,Jason Pratt,riverascott@example.org,272-776-3474x8729,standard,2023-05-30,,21,West Matthew,Other
M0053,John Mosley,martindenise@example.net,440-486-5568x4969,basic,2022-03-24,,22,Michaelchester,Other
M0054,Christopher Ortega,fsimmons@example.com,924-216-5697x85182,premium,2022-08-29,,54,North Roy,M
M0055,Wanda Vazquez,colemichele@example.net,799.524.2882x864,standard,2023-08-16,,44,Kelseystad,Other
M0056,Mary Hickman,colesteven@example.net,+1-220-242-7730x207,basic,2023-08-21,,34,West Rhondaland,M
M0057,Preston Vance,stanleychristina@example.org,558-659-2247,basic,2023-11-17,,43,North Ashley,M
M0058,Taylor Calderon,grahamkevin@example.net,581.867.8342x71578,basic,2023-11-19,,22,Warrenstad,M
M0059,Susan Miller,micheleyoung@example.net,904-825-3571,standard,2023-04-15,,24,Michaelshire,M
M0060,Christopher Randall,jcantu@example.org,879.588.7041x412,basic,2023-07-05,2024-01-16,40,New Matthewchester,M
M0061,Brian Butler,zwatson@example.net,(678)744-9883x4170,basic,2022-09-08,,52,Gainesville,Other
M0062,Joshua Dudley,fieldsmaxwell@example.net,(637)839-6655,premium,2022-11-06,,59,Herrerafurt,Other
M0063,Jacob Pena,bradley28@example.org,885.237.2693,standard,2022-01-09,,60,Alvarezhaven,M
M0064,Aaron Smith,john44@example.com,+1-531-979-5368x41454,premium,2022-05-18,,65,Frederickmouth,Other
M0065,Christopher Flores,yquinn@example.net,(241)648-2501,standard,2022-06-09,,63,New Matthewtown,F
M0066,Keith Sherman,nicholserika@example.com,+1-829-613-2687,premium,2022-07-28,,50,Gomeztown,F
M0067,Melinda Butler,ggonzales@example.com,+1-965-663-7912x9551,premium,2022-09-15,,23,North Tommyberg,Other
M0068,Eric Steele,paul60@example.net,001-229-713-3173,basic,2023-03-10,,39,South Allisonville,M
M0069,Gregory Weber,bgomez@example.net,(963)413-7105x09370,basic,2023-10-15,,46,North Micheleview,Other
M0070,Alicia Mays,fgomez@example.org,+1-442-561-3494,basic,2023-12-24,,22,Port Jeffreybury,Other
M0071,David Bryant,elizabethcabrera@example.net,493-302-3247x53927,premium,2022-06-02,,55,West Kyle,Other
M0072,Brandon Li,shawn33@example.net,895.830.9290x92562,basic,2022-06-01,,41,West Jamie,M
M0073,Edward Johnson,ghopkins@example.org,(669)284-9710x200,standard,2023-01-02,2023-07-08,40,South Bobbystad,Other
M0074,Adam Ware,melissa41@example.com,001-493-416-6241x9707,standard,2023-02-21,,33,Amberberg,M
M0075,Christopher James,millercaitlin@example.net,+1-633-350-7261x08841,basic,2022-07-01,,65,Brewerfort,F
M0076,John Bridges,petersongregory@example.net,+1-838-423-7389x076,premium,2023-02-26,,33,Christytown,F
M0077,Joseph Adkins,aaronballard@example.net,001-628-823-1949,basic,2022-06-13,,20,South Victoria,F
M0078,Caleb Collins,matthew92@example.com,001-424-730-7865,basic,2022-08-16,2023-06-07,32,West Benjaminshire,M
M0079,Cody Martin,johnnykirby@example.com,6589931523,basic,2022-01-25,,35,South Katherineton,M
M0080,Robert Davis,william29@example.com,(958)327-6292x3781,standard,2022-10-13,,61,West Jacquelineview,Other
M0081,Marisa Salazar,wtaylor@example.com,(616)832-9027,basic,2022-12-06,,34,West Briannaview,M
M0082,Dr. David King,torresbrittany@example.com,623-542-8605x6135,basic,2023-08-18,,24,West Wendyton,Other
M0083,Mrs. Danielle Edwards,garzadana@example.org,297.550.8738x374,standard,2023-03-21,,45,South Amanda,Other
M0084,Kimberly Figueroa,brownjoshua@example.com,6266549330,basic,2023-06-08,2024-05-28,20,South Melanie,Other
M0085,Mary Jimenez,nscott@example.net,314.307.2264,standard,2023-03-23,2024-02-21,65,Knightbury,Other
M0086,Brian Barnes,robertflores@example.org,7198553036,basic,2023-11-18,2024-06-01,60,Jaredborough,F
M0087,Daniel Abbott,latkinson@example.org,+1-886-633-5641x65215,premium,2023-10-01,,64,Carolynland,F
M0088,Isaiah Mercado,amy85@example.org,001-469-280-5016x889,basic,2023-06-04,,43,Rosarioberg,Other
M0089,Terry Ramirez,joanperez@example.net,+1-280-337-4811x7344,basic,2022-10-30,,60,East Dianeside,F
M0090,Adam Henderson,sullivanmegan@example.net,917.744.0330x397,basic,2023-11-25,,54,East Danielhaven,F
M0091,William Holmes,ycampbell@example.net,283-344-2075,basic,2023-02-20,,36,Lake Rachelhaven,M
M0092,Sean Robbins,richardmiller@example.com,928.520.3047x190,standard,2023-03-17,,38,Lake Travis,F
M0093,Jennifer Bender,michaelparker@example.net,974.460.4894x200,basic,2023-03-29,,48,Davidmouth,Other
M0094,Kyle Morse,ashlee97@example.org,463.301.7595x8209,basic,2022-06-23,,60,Gallagherfurt,Other
M0095,Benjamin Padilla,melissayang@example.org,974.977.4388,premium,2023-09-27,,33,Juliebury,Other
M0096,Matthew Kelley,davidking@example.org,995.983.0518x9649,basic,2022-11-14,2023-04-24,20,West Michael,M
M0097,Larry Davis,qhampton@example.net,233.660.4106x40015,standard,2023-05-02,,47,Lake Staceyport,F
M0098,Mallory Johnson,jonesshelby@example.com,+1-272-347-3988x1723,standard,2023-10-07,,42,Boyermouth,F
M0099,Sean Matthews,wtanner@example.com,2543064255,standard,2023-02-14,2024-03-15,24,West Christopher,F
M0100,Candace Foster,christopher63@example.org,927.363.7080x6789,basic,2022-08-13,2023-07-04,53,Jacobsmouth,M
M0101,Kimberly Cox,jaimepatel@example.net,9782975350,premium,2022-05-05,,60,Fernandezville,Other
M0102,Chloe Phillips,ipowell@example.net,(887)401-2094x92305,premium,2023-07-27,,46,Stevenbury,Other
M0103,Michael Whitney,sharonsantos@example.com,311.972.9132,premium,2023-06-01,,46,New Alexandriaport,M
M0104,Heather Hicks MD,tinapena@example.com,+1-276-789-2139x10284,standard,2023-05-02,,58,Kimberlyside,F
M0105,Rebekah Cole,daniel58@example.org,+1-610-569-7014x58291,basic,2023-06-18,,46,East Heatherhaven,M
M0106,James Glenn,james26@example.com,268-869-7128x6329,basic,2024-01-01,,38,Livingstonville,Other
M0107,Jeremy Leonard,lopezshelley@example.net,001-492-510-8646x5774,basic,2022-03-24,2022-09-18,27,Gregorystad,Other
M0108,Alexandra Rich,tracey33@example.net,(521)858-6159,basic,2022-08-08,2023-05-03,47,New Alexside,F
M0109,Alexander Lewis,erica87@example.org,517.352.0690,basic,2022-03-05,2022-12-05,55,Adamshaven,Other
M0110,Jeffrey Frank,lisawaters@example.org,+1-680-610-2916x11754,standard,2022-01-21,,42,East Joyce,F
M0111,Tammy King,denisewright@example.com,001-974-416-0157x189,basic,2022-01-07,,42,Jennyberg,F
M0112,Bridget Howard,ashley69@example.net,6444481399,standard,2023-07-06,,56,Brianmouth,M
M0113,Angela Pineda,whitekrista@example.com,+1-583-555-4963,basic,2023-05-15,2024-02-22,42,Heatherfort,F
M0114,Carrie Adams,paynegabriel@example.org,001-806-889-5357x063,basic,2023-11-16,,28,South Ryan,F
M0115,Ann Nunez,richard34@example.com,001-838-968-5868x74895,standard,2022-05-11,,43,North Stephanie,Other
M0116,Anne Sullivan,andrew88@example.net,963-507-7474x37102,basic,2023-08-01,,45,New Matthew,M
M0117,Brian Thomas,audrey97@example.com,001-602-349-5930x1588,basic,2023-04-18,2023-10-28,31,West Christophertown,F
M0118,Jonathan Taylor,amyflynn@example.org,225.593.4869,premium,2022-12-01,,35,East Terrance,F
M0119,Marc Marquez,julie74@example.com,(469)658-0082x6283,basic,2022-09-16,,65,North Claudia,Other
M0120,Jasmine Martinez,smithlisa@example.net,964.823.1504x1419,basic,2022-02-23,,59,West Mariefurt,M
M0121,Robert Pham,obowman@example.net,+1-273-659-8800x7196,premium,2023-10-30,2024-01-13,30,Kaitlynfurt,M
M0122,Victor Church,thompsonlauren@example.com,950.440.9450x45874,basic,2023-09-29,2024-01-31,25,New Jeffrey,Other
M0123,Linda Ross,coreymorris@example.com,(796)219-3144x0074,basic,2022-08-12,,41,North Brianna,M
M0124,Julie Schmidt,hillkelsey@example.net,001-840-385-3058x358,standard,2023-09-13,,25,Doyleview,M
M0125,Glen Sullivan,howellmichael@example.org,8087605915,premium,2022-11-15,2023-01-27,54,Jonathanstad,Other
M0126,Melissa Snyder,kylewilliams@example.com,(987)957-9354x0758,standard,2023-01-20,,22,West Angelahaven,Other
M0127,Ms. Jennifer Lawson,kingandrea@example.com,2256862625,basic,2023-12-09,,62,Sethstad,F
M0128,Samantha Green,jholt@example.net,001-590-213-6647x607,basic,2023-12-02,,54,Lake David,M
M0129,Christopher Ayala,cdavis@example.com,001-437-484-0024x46521,standard,2022-12-22,,22,North Joanne,Other
M0130,William Cooper,brianna81@example.com,(548)525-1388x95181,premium,2023-10-26,,49,East Noahfurt,M
M0131,Lisa Mcgrath,nicholasconrad@example.com,(209)556-8462,standard,2023-03-20,,47,Robertberg,Other
M0132,Karen Hodge,antonioholmes@example.org,757-453-5920x140,standard,2022-06-06,,59,Kellyton,F
M0133,Alan Rowe,jeannebrooks@example.net,(908)738-0733x4089,standard,2023-09-23,,48,Ryanfurt,F
M0134,Laura Johnson,diane84@example.com,001-267-345-9001,standard,2023-03-23,,38,Joelbury,M
M0135,Christopher Martinez,foxsamantha@example.com,735.332.8680x2106,basic,2022-03-30,,47,West Rebeccaburgh,Other
M0136,Beverly Jones,reesedonald@example.com,001-535-282-7987,basic,2023-09-17,,49,West Sarah,F
M0137,Erica Dennis,xorr@example.com,001-678-471-3201x21294,basic,2022-07-06,,34,South Katherine,F
M0138,Maurice Merritt,mthompson@example.org,+1-366-945-1887,standard,2022-10-14,,35,North Brittanyfurt,Other
M0139,William Petty,bonnie38@example.net,(904)458-5928x06570,basic,2022-01-11,,33,South Davidstad,Other
M0140,Jonathan Brown,jason50@example.com,+1-491-255-2135,standard,2023-02-21,,62,Morganbury,F
M0141,Stephanie Aguilar,millerjordan@example.com,2777075139,basic,2023-10-24,,19,East Johnburgh,M
M0142,Catherine Green,michael33@example.net,001-992-609-4546,basic,2022-10-29,2023-05-01,55,Williamsborough,F
M0143,Bobby Perkins,richard47@example.org,001-497-791-5783,basic,2023-04-30,,65,Port Joshuaborough,Other
M0144,Mr. Shane Foley,joseph07@example.com,628.669.4981,basic,2022-12-05,,37,Smithbury,F
M0145,Barry Roman,jeffrey73@example.com,(554)810-2343x29722,basic,2022-08-25,2023-01-30,65,Lake David,Other
M0146,Melanie Davies,ericasmith@example.net,(321)698-6538,standard,2023-12-08,2024-05-26,35,Markshire,Other
M0147,Terry Jackson,bwu@example.org,477-537-9649,standard,2023-08-27,,36,Tammymouth,M
M0148,Mary Kirk,lmckee@example.org,+1-735-937-7955x7770,basic,2022-07-18,,37,Stephenhaven,M
M0149,Samuel Solis,kimberlyedwards@example.org,2143156513,basic,2023-12-27,,21,Bergerchester,Other
M0150,Ryan Olson,woodsjoshua@example.com,318.596.4816x59312,basic,2022-10-27,,49,South Elizabeth,M
M0151,Reginald Gardner,rodriguezfrederick@example.net,238-346-8280x816,basic,2022-01-13,,46,South Edwardhaven,F
M0152,William Arnold,fjackson@example.net,(577)510-1406x6734,basic,2022-07-08,,48,East Heathertown,M
M0153,Mr. Kyle Miller,kurt08@example.net,245-436-2520,basic,2022-03-08,,58,Port Lindseyton,Other
M0154,Miss Tracey Torres,morgan62@example.com,318.503.4081x7086,premium,2022-02-24,2023-02-07,23,West Theodoreside,M
M0155,Donna Jones,iwatts@example.net,+1-998-589-4760x643,basic,2022-05-02,,56,Garciabury,Other
M0156,Wendy Coffey,heather38@example.org,001-814-351-6344,basic,2022-08-20,,46,East Edward,F
M0157,John Mercado,russelljesse@example.com,+1-478-523-8961x349,basic,2023-08-26,,57,Crossshire,M
M0158,Michael Black,bsmith@example.com,(661)659-7476x36266,basic,2023-09-17,,31,South Elizabeth,Other
M0159,Cheryl Winters,josephgonzales@example.com,(571)924-3066x653,basic,2022-08-05,,33,East Katiemouth,M
M0160,David Fox,christinacook@example.net,001-550-433-7937x00639,basic,2023-07-20,2023-09-19,62,Lake Donaldburgh,Other
M0161,Linda Adams,gonzalesjeffrey@example.com,+1-950-966-4553x7037,basic,2023-04-27,,63,Wolfehaven,F
M0162,Emily Clay,marcuswilliams@example.net,+1-690-927-7291x0824,basic,2023-12-21,,32,Bradfordmouth,F
M0163,Emily Orozco,adriennestone@example.net,515-673-3347x837,premium,2023-10-03,,30,West Kathleen,F
M0164,Tracy Oneill,omcfarland@example.org,277.416.6570x2538,standard,2022-04-28,,35,Zhangmouth,M
M0165,Danny Russell,oliviaparsons@example.net,2792220676,standard,2022-03-15,2022-10-18,54,Tanyaport,F
M0166,Zachary Galvan,tswanson@example.net,2173826907,standard,2023-03-26,2023-10-27,35,Clarkshire,Other
M0167,Tim Davis,lucaswilliam@example.com,633-295-5234x46045,basic,2023-07-07,,20,West Brent,F
M0168,Stephen Jarvis,caseymoore@example.com,+1-715-944-2702,basic,2022-11-27,,32,Summersstad,Other
M0169,Joseph Holmes,natalie16@example.org,895.898.3413x454,basic,2023-08-13,,61,New Raymond,F
M0170,Pamela Horton,robert02@example.com,8356068186,basic,2023-08-14,2024-01-10,59,East Anthony,F
M0171,Amanda Mullins,victoria36@example.net,(762)975-4408,basic,2022-10-12,2023-10-06,49,South James,M
M0172,Charlene Craig,fporter@example.org,+1-288-554-6790,basic,2023-04-27,,60,Valeriebury,M
M0173,Chase Murray,djohnson@example.net,(846)227-5689,standard,2022-06-14,,36,Wandaville,Other
M0174,Adrian Williams,danielcarr@example.net,236-502-3404x88246,standard,2023-02-15,,47,Port Samanthatown,M
M0175,Michele Williams,robertomedina@example.net,(856)363-1616,basic,2022-11-19,,43,East Howardberg,Other
M0176,Brenda Wright,melanierodriguez@example.com,649.672.8439x0170,standard,2022-01-02,,44,Jessicashire,M
M0177,Thomas Burke,jonesjoy@example.net,911-776-9295x67522,standard,2022-07-12,,49,West Alexander,Other
M0178,Michael Powell,jessica26@example.net,001-793-887-3641x4258,basic,2023-03-29,,53,Warnertown,M
M0179,Michael Decker,jmartinez@example.net,6787019958,standard,2022-10-22,,25,Haileyhaven,M
M0180,Austin Baker,rjoseph@example.com,439-257-5688x4863,basic,2023-10-08,,28,Samuelmouth,F
M0181,Kimberly Bates,raymondcooper@example.net,552-843-0730x45060,basic,2023-07-19,2024-04-12,25,Lake Tammyfurt,F
M0182,Brandon Tanner,bishopmatthew@example.com,950-375-2634,basic,2022-05-01,,63,Mooremouth,F
M0183,Joshua George,laura64@example.org,001-287-394-8958x433,basic,2023-06-06,,48,South Monicamouth,F
M0184,Michael Edwards,clarkcheryl@example.com,(557)885-4898x82871,basic,2022-09-07,,30,Warrenhaven,Other
M0185,Tiffany Farmer,christopher07@example.com,379-259-7805x053,basic,2023-06-05,,22,West Lisaville,F
M0186,William Jones,michellebuckley@example.org,334.915.4351x040,standard,2023-03-01,,35,Hobbsport,M
M0187,Chelsea Caldwell,crystal66@example.com,844.211.0304x214,premium,2022-10-17,,55,Williamsbury,Other
M0188,Jose Armstrong,sevans@example.net,585.839.0152x908,basic,2023-05-17,,48,Port Johnside,F
M0189,Harold George,rmoore@example.net,(605)765-9706x54688,standard,2022-12-07,,47,South Diamondmouth,F
M0190,Crystal Hill,jackie58@example.net,779-698-1001x25397,basic,2022-07-13,,42,Moyermouth,M
M0191,Rebecca Scott,antonio24@example.com,4939433248,standard,2023-02-25,2023-12-24,42,South Brian,F
M0192,Dawn Brown,lgarza@example.org,822.200.0337,standard,2023-11-11,,27,Elizabethport,F
M0193,Dana Phillips,jennifer69@example.org,+1-515-258-3645x487,basic,2022-02-07,2023-02-04,24,North Randyside,F
M0194,Mark Sanchez,amontgomery@example.org,491.897.6341,basic,2022-04-13,,64,Beckerside,M
M0195,Deanna Stout,herrerakevin@example.com,207.976.9134x6755,premium,2023-02-24,,22,Gonzalezfort,F
M0196,Mrs. Colleen Rodriguez,tammy50@example.net,240.291.3294x0511,standard,2022-09-29,,59,Browntown,M
M0197,Donald Craig,john53@example.org,207.623.7930,premium,2022-12-03,,42,Alvarezberg,F
M0198,Christina Reese,brandonali@example.net,763.871.9636x28863,standard,2023-10-04,,52,Courtneytown,M
M0199,Rachel Hanna,tasha46@example.org,428.618.9933,standard,2023-09-25,2024-06-01,36,New Thomasshire,M
M0200,Andrew Robinson,tcarter@example.com,(935)593-6100x972,basic,2022-04-03,,58,Christinebury,Other
M0201,Gwendolyn Gardner,hbrown@example.org,+1-610-920-5305x3322,standard,2022-04-13,,19,Vargasfort,M
M0202,Charles Young,rebecca24@example.org,340-722-6665x5870,basic,2022-11-29,,41,South Daniel,F
M0203,Lauren Griffith,vadams@example.org,001-776-443-8583x8088,standard,2022-05-30,2023-02-24,29,East Josephfurt,M
M0204,Rebecca King,amanda08@example.com,+1-495-474-7314x46653,standard,2022-06-29,2023-03-11,33,South Christopher,F
M0205,Deborah Jones,hardylisa@example.org,864.793.5046x90324,standard,2023-08-21,2024-06-01,47,Jacksonville,F
M0206,Jessica Mitchell,lrice@example.net,477.275.5292x21249,premium,2023-11-14,2024-06-01,61,Sandraside,Other
M0207,Jillian Bailey,rhill@example.com,907-675-2646x98771,premium,2022-06-11,2023-02-02,37,West Brandonville,Other
M0208,Robert Jackson,jonathan10@example.com,797.754.8471x88593,basic,2023-03-11,,37,East Arielview,M
M0209,Alec Zamora,romerojennifer@example.com,208.540.1357x0216,basic,2023-01-29,,42,Marvinburgh,Other
M0210,Jimmy Wells,mariadavidson@example.com,8024396903,premium,2023-01-03,,36,Tranbury,M
M0211,Marie Barker,hawkinsjulie@example.net,630.735.7597x3052,basic,2023-11-06,,61,Millerport,Other
M0212,Kevin Smith,amy09@example.org,407-687-5159x00801,standard,2022-02-20,,36,Port Ashleyton,M
M0213,Shawn Franco,yangvictoria@example.com,(720)893-7811x302,basic,2023-09-14,,30,North James,Other
M0214,Joseph Price,susan11@example.org,903-209-7486,standard,2022-09-14,,60,Port Margarettown,Other
M0215,Jennifer Garrison,dparker@example.com,(305)398-4220,premium,2022-05-21,,59,Dianeborough,M
M0216,Ernest Rodriguez,thompsonmichael@example.net,476.580.9719x395,basic,2022-11-13,,41,North Jenniferfort,Other
M0217,John Hill,rgarner@example.net,612.808.0158x0810,basic,2022-05-15,2022-12-12,44,West Jessicashire,M
M0218,Christy Friedman,chelseybarry@example.com,+1-484-204-6572x88560,premium,2022-07-25,2023-06-26,41,Lake Richardburgh,Other
M0219,Shirley Parker,ufuentes@example.net,551-448-5205x9712,premium,2023-05-29,,34,Taylormouth,F
M0220,Sergio Vasquez,stewartjonathan@example.net,941-855-7704x5046,basic,2022-10-30,,25,North Parker,F
M0221,Jonathan Smith,kevinmichael@example.com,001-941-731-0455x3838,premium,2022-03-19,2022-09-10,64,Lake Richardchester,Other
M0222,Karla Nguyen,briancurry@example.org,(224)762-4744x36495,premium,2023-02-11,,41,South Susanstad,M
M0223,Peter Stokes,vargasjon@example.net,5092169448,basic,2023-02-09,2024-01-09,41,Lewisview,Other
M0224,Christopher Anderson,youngharold@example.org,996-358-4352,basic,2023-11-20,,58,West Aaron,F
M0225,Jared Anderson,justinmonroe@example.org,5015363060,basic,2022-04-21,,57,Markstad,Other
M0226,John Jordan,linda41@example.org,323-343-0424x294,basic,2022-12-02,,22,Port Meghanfurt,Other
M0227,Wanda Coleman,carrtimothy@example.net,2206508273,basic,2023-04-21,,44,Lake Stephen,M
M0228,Michael Robertson,rodneypowell@example.com,821.562.0469,basic,2022-05-24,2022-08-11,49,East Jeffrey,M
M0229,James Lopez,james64@example.org,738-484-9187x623,basic,2022-04-10,2023-03-11,47,Tannerborough,F
M0230,Tammy Wise,dkelly@example.net,+1-572-743-1611x1890,standard,2023-11-18,,52,Richardsside,F
M0231,Charles Salazar,elizabethward@example.com,(651)213-4610,basic,2023-08-25,,44,Port Victoriabury,Other
M0232,Jacqueline Evans DVM,znorman@example.com,829.203.8081x797,standard,2022-04-12,,35,Brianbury,M
M0233,Andrea Medina,zsnyder@example.org,713.345.7583x09347,basic,2023-12-08,,33,Lake Christyton,F
M0234,Jeremy Kelley,johnsonrachel@example.com,752.727.3521x3201,basic,2022-04-12,,59,Gregoryfurt,F
M0235,Jennifer Garcia,megan25@example.com,+1-642-391-0077x41158,basic,2022-03-04,,25,Walkerberg,F
M0236,Stacey Morgan,whitney29@example.com,358.577.3957x74776,standard,2022-04-04,,56,New Alejandroberg,M
M0237,Andrea Hoover,carolyn61@example.org,001-784-578-6678x734,basic,2022-02-21,,26,Clarkside,Other
M0238,Linda Williams,bsmith@example.com,(826)956-7655,basic,2022-07-30,2023-07-08,31,New Ryan,M
M0239,Tanya Sandoval,evanramirez@example.com,(456)665-7792,standard,2022-12-03,,56,Fisherfurt,M
M0240,Joshua Bowman,rossjeremy@example.com,214-324-7852,basic,2022-10-11,,26,Payneberg,Other
M0241,Tina Shaffer,palexander@example.com,+1-772-889-8986,basic,2022-09-14,,19,Stephanieton,M
M0242,Andrew Peters,ynewman@example.net,+1-362-275-0258x005,standard,2022-01-16,,55,Hernandezchester,F
M0243,Elijah Sawyer,msimpson@example.com,5567702271,basic,2022-01-17,2022-04-13,44,New Brenda,Other
M0244,Chloe Watkins,gabriel73@example.com,699.529.2953x518,basic,2022-04-27,,41,Nicholasstad,Other
M0245,Diane Wright,zachary32@example.com,+1-377-927-3571x387,basic,2023-08-31,2024-06-01,57,Burnettburgh,M
M0246,Todd Johnson,jpeters@example.org,(574)481-4792x333,basic,2023-11-06,,19,New Michaelchester,M
M0247,Wendy Mills,hernandezalyssa@example.org,(783)612-1429x05903,basic,2023-05-06,,24,East Emily,F
M0248,Amanda Lopez,jamespollard@example.com,001-510-771-7115x7547,basic,2023-12-31,,23,Schaefermouth,F
M0249,David Haley,reidtimothy@example.com,(314)587-2687x860,basic,2023-09-15,2024-01-17,58,Robertchester,Other
M0250,Heather Ryan,tadams@example.net,001-816-934-5669x9736,basic,2023-07-16,,56,New Ericburgh,Other
M0251,Theresa Johnson,paynebrad@example.com,454-640-7510x96398,standard,2022-10-29,,24,Port Chelsea,Other
M0252,Diane Zuniga,hnguyen@example.net,+1-267-702-1017x4572,standard,2022-04-28,,53,Alyssaside,Other
M0253,Karen Jones,madison38@example.com,611-816-6305x347,premium,2022-08-09,,44,East Martinmouth,F
M0254,Andrea Wiley,robertwilliamson@example.com,001-477-504-8507x9632,standard,2023-04-10,,38,East Robertfort,F
M0255,Diana Jackson,timothy89@example.com,427-618-0177x61075,basic,2022-11-17,,27,New Jamesville,Other
M0256,Terri Sanchez,abigail82@example.org,(652)849-4385x17319,basic,2023-05-01,2023-08-12,24,New Jeffreyburgh,Other
M0257,Amanda Torres,michael53@example.org,375.294.5384x20258,standard,2023-01-17,,55,North Stephanie,Other
M0258,Roger Huang,stephanie73@example.org,(641)598-9910x737,basic,2023-07-30,,40,New Christophermouth,Other
M0259,Linda Williams,thill@example.com,(905)853-6376x98668,standard,2023-03-10,,36,East Juliechester,Other
M0260,Brandon Jones,jamesbryan@example.org,(509)243-4842,standard,2022-11-16,,31,Moorestad,M
M0261,Dr. Gregory Gordon,levineedward@example.com,3858468327,premium,2023-11-04,,40,South Tannerburgh,Other
M0262,Micheal Holland,browndavid@example.com,001-345-731-3039x81692,standard,2023-01-12,2023-08-02,45,East Anna,Other
M0263,Thomas Mitchell,devonbenson@example.com,+1-680-889-2196x1352,standard,2023-09-29,,19,Brycebury,Other
M0264,Rachel Evans,kburton@example.net,729.960.7743,basic,2023-11-05,,29,East Terri,F
M0265,William Cruz,maria37@example.net,(675)457-5226x67215,premium,2023-12-21,,40,Davidhaven,M
M0266,Kathy Bridges,lopezbrian@example.org,001-389-251-8536x6856,standard,2022-07-05,,43,East Williammouth,M
M0267,Dave Wright,josephshannon@example.net,+1-548-966-5018x925,premium,2022-05-26,,23,Mcdonaldborough,Other
M0268,Shannon Barnes,robertmoore@example.com,(783)779-2505,basic,2023-06-28,2024-03-28,28,Rivasshire,F
M0269,Amanda Case,laura82@example.com,001-459-656-7855x95402,standard,2022-11-16,,54,Craneburgh,Other
M0270,Rachael Hicks,carterchristopher@example.net,754.451.2756,basic,2022-03-28,,57,Gallagherport,M
M0271,James Fisher,vnorris@example.org,4542065716,standard,2023-11-22,2024-06-01,49,Leeport,Other
M0272,Courtney Jackson,ohall@example.org,511-432-2765x3828,basic,2023-03-29,,50,South Tylerburgh,M
M0273,Dana Lopez,morgan75@example.org,484.932.8300,basic,2022-12-20,,61,Port Susanchester,Other
M0274,Jeremiah Martin,hughesjasmine@example.net,(456)610-0853,basic,2023-05-14,,32,West Mathewport,F
M0275,Michele Mcdonald,alicia91@example.net,001-734-654-1557x51297,basic,2023-09-06,2024-02-17,31,South Matthew,M
M0276,Courtney Scott,vmcdaniel@example.org,(488)443-8465x796,basic,2022-09-19,,49,Jacobschester,Other
M0277,Chase Morales,paulrhodes@example.net,(209)888-3370,standard,2023-03-17,2023-11-26,32,Martinbury,Other
M0278,Michael Figueroa,nquinn@example.com,001-942-918-6065x018,premium,2023-07-27,,22,South David,F
M0279,Richard Solomon,jhanson@example.net,(507)749-4947x5586,basic,2022-02-13,,22,Patrickchester,F
M0280,Michelle Wilcox,brooke30@example.org,570-507-8148x9213,basic,2023-08-13,,58,Nancyberg,F
M0281,Nicholas King,ryan48@example.org,(818)531-2987x2891,premium,2022-10-24,2023-01-02,28,North Cheryl,Other
M0282,Emily Christian,dholland@example.net,918-704-0301,premium,2023-04-17,,23,West Shannon,F
M0283,Karen Martinez,kaylatran@example.org,+1-257-650-3703x40863,basic,2022-04-19,2023-04-15,23,Davisfurt,F
M0284,Jacqueline Boone,watsonalejandra@example.org,001-288-563-5605,basic,2022-11-14,,28,South Janice,M
M0285,Danielle Mccarthy,martinezmary@example.org,001-936-412-2244x65689,standard,2023-06-07,,30,Stephenborough,F
M0286,Alexis Dixon,saramccoy@example.com,001-891-558-5254x69357,premium,2022-12-26,,27,South Crystal,M
M0287,Alice Chapman,njones@example.org,001-517-318-3473x296,basic,2022-04-16,2022-09-24,27,Lawrenceside,Other
M0288,Cynthia Velazquez,johnsonerika@example.org,(972)223-1320x110,basic,2022-03-19,2023-04-04,54,Patrickland,Other
M0289,Kristina Foley,kfrazier@example.net,(242)600-4732x825,premium,2023-04-05,,59,New Cheryl,Other
M0290,Brian Lucas,bthomas@example.org,001-260-281-8051x27534,premium,2023-10-02,,38,Dianabury,M
M0291,Misty Miles,blakeweiss@example.org,001-785-206-8021x028,standard,2023-03-27,2024-01-07,35,South Amberville,Other
M0292,Andrew Gallagher,mahoneyteresa@example.org,+1-672-833-5750x313,basic,2022-02-27,,47,Lisamouth,F
M0293,Jennifer Morgan,brandianderson@example.com,780-655-1373x66907,basic,2022-02-08,2022-09-02,23,East Heather,Other
M0294,James Flores,sean66@example.org,896.840.7783x73185,basic,2023-09-01,,53,Loriport,Other
M0295,Kevin Rodriguez,hubbardamanda@example.org,985-386-5389,premium,2022-02-12,,59,Port Sydney,M
M0296,Heidi Cochran,jacob11@example.net,200.890.8041x9939,standard,2022-11-26,,21,Priceshire,F
M0297,Rachel Castillo,josephfleming@example.net,(202)296-7186x8480,premium,2022-04-16,,63,West Jacquelineshire,M
M0298,Melissa Moore,bradyrobert@example.net,815.285.5341,basic,2023-06-01,,63,Port Samantha,F
M0299,Kevin Monroe,smithjeffery@example.com,+1-510-609-5725x879,standard,2023-03-26,,41,Villashire,F
M0300,Ryan Gibson,samanthawalker@example.org,001-902-210-3613x95446,standard,2022-10-17,,61,Bassshire,Other
M0301,David Jones,anna57@example.com,001-504-626-9233x450,standard,2022-02-23,,22,Gibsonfort,F
M0302,Rachel Woods,jamesfreeman@example.net,(435)768-9755x76716,basic,2022-04-07,,34,South Jennifer,Other
M0303,Dana Robinson,alexander39@example.com,001-210-959-0364x28845,standard,2023-11-04,,27,Grimesmouth,F
M0304,Kristy Diaz,joseph81@example.com,001-551-951-1209x8667,basic,2022-03-25,,40,Annaburgh,F
M0305,Abigail Hernandez,patrick77@example.com,001-444-258-2701,basic,2023-11-03,,56,West Lisabury,Other
M0306,Chelsea Miller,kneal@example.com,+1-965-940-9071x73254,basic,2022-03-28,,39,South Christopher,M
M0307,Amy Murphy,dawnfernandez@example.net,678.843.8265x42213,premium,2023-11-18,,61,East Javierhaven,Other
M0308,Jake Randall,qhall@example.org,233-301-7706,basic,2022-04-06,,41,South Kyleland,M
M0309,Craig Flores,wilsonrobert@example.com,+1-337-368-9902,premium,2023-01-07,,39,North Rhonda,F
M0310,Lindsay Anderson PhD,haydenbennett@example.com,5442298827,basic,2022-07-16,2022-11-23,36,Lindaport,M
M0311,Samuel Morgan,angela32@example.com,+1-321-567-2453x1985,premium,2023-06-04,,51,Port Elizabeth,M
M0312,Michael Williams,porterscott@example.org,001-636-648-4645x56952,standard,2023-11-09,,26,West Vanessafort,Other
M0313,Jamie Mills,brian00@example.net,956.967.2317,premium,2023-01-21,2023-06-22,57,Johnsonport,M
M0314,John Torres,fsnow@example.org,+1-580-794-1195x8360,standard,2023-03-25,2023-11-26,33,Johnstonchester,F
M0315,Michael Carlson,brandonkelley@example.org,492.523.1772,standard,2023-09-18,,46,Josephfurt,M
M0316,Mr. Michael Mccarthy,tpugh@example.com,001-899-479-3896x862,premium,2023-07-01,2024-04-26,30,Toddshire,F
M0317,Judith Bennett,leegamble@example.net,482-694-8486,premium,2023-11-26,,47,Hortonmouth,F
M0318,Rebecca Henderson,zmiller@example.org,001-217-678-7346x45229,basic,2023-01-27,,28,New John,M
M0319,Noah Murphy,austin32@example.org,+1-786-440-2568x3588,basic,2023-09-12,2024-03-18,48,West Sarahshire,F
M0320,Denise Hernandez,kennethscott@example.com,(409)704-7359x449,standard,2023-07-22,,51,North Lauren,M
M0321,Mia Stewart,fordchristopher@example.com,+1-735-966-7883x7786,basic,2022-10-19,2023-03-10,50,Port Philipmouth,M
M0322,Patrick Collins,robert32@example.net,869-265-6500x34788,premium,2023-03-24,2023-09-13,40,Cindyfurt,M
M0323,Alyssa Short,joshua05@example.net,279.725.8111x9821,basic,2023-03-01,2024-01-12,42,New Bradleyside,M
M0324,Robert Brandt,andrew16@example.org,+1-484-945-9516x3777,premium,2023-01-19,2023-08-30,63,South Douglaston,Other
M0325,Lisa King,meghangonzales@example.net,976-932-6669,basic,2022-12-10,,36,South Adam,F
M0326,Donna Shaw,andrew27@example.net,281-729-6099,standard,2023-12-14,,48,West Lisaside,F
M0327,Alicia Berg,christopherparker@example.org,001-985-997-3836x87323,basic,2023-09-23,2024-01-01,31,New Daniel,M
M0328,Whitney Campbell,osolomon@example.net,+1-706-504-9818,standard,2023-07-16,,45,South Erica,M
M0329,Carol Santos,jtate@example.net,622.624.6648x530,basic,2022-10-23,2023-02-22,44,Carolburgh,Other
M0330,Nathan Riggs,kylelee@example.com,(520)633-5575x595,basic,2023-09-30,,49,Lake Nicolehaven,Other
M0331,Emily Bishop,natalielopez@example.org,889-293-4274,standard,2023-07-03,2024-05-21,63,South Haroldstad,M
M0332,Kevin Kelly,rodriguezcolleen@example.net,001-382-928-9171x62098,standard,2022-10-26,,33,Margaretborough,Other
M0333,Trevor Velasquez,robertmendez@example.net,509-679-2493x89131,standard,2023-03-03,2023-06-14,41,Laurieshire,M
M0334,Karen Burnett,rossrebecca@example.org,598-498-9507,standard,2023-06-23,,50,Jenniferhaven,Other
M0335,Amy Mckinney,austinthompson@example.com,307.417.7835x07439,basic,2022-01-21,,58,Villaview,F
M0336,Margaret Cook,chaynes@example.com,001-222-624-9052x74206,basic,2023-01-18,,22,Brittanyview,F
M0337,Andrew Sosa,rodney70@example.org,(540)869-7172x25375,standard,2022-09-04,,55,Alexanderton,Other
M0338,Richard Fuentes,shawn84@example.com,(681)802-7721x7460,standard,2022-12-07,2023-08-04,59,Raymondfurt,M
M0339,Drew Miller,richardrobinson@example.org,347.596.3723x9154,standard,2023-12-03,,58,East Nicholasport,M
M0340,Dr. Alicia Douglas MD,igoodman@example.net,+1-665-845-7811x85450,basic,2022-05-19,2023-03-09,30,New Scottberg,M
M0341,Ashley Gross,carpenterdiane@example.com,204-983-9758,basic,2022-07-24,,37,South Rhonda,Other
M0342,Bob Robinson,angelchase@example.org,2147319314,standard,2023-02-12,,34,Martinezshire,M
M0343,David Torres,angelastewart@example.com,3626517877,premium,2023-10-25,2024-06-01,21,West Benjaminchester,Other
M0344,Virginia Berry DDS,theresa67@example.com,796-737-3139,standard,2022-12-06,,45,West Teresa,F
M0345,Kimberly Warren,jessicahunt@example.net,(698)821-5654x151,basic,2023-03-27,,29,New Shanefort,F
M0346,Crystal Pineda,tmartinez@example.com,820.360.2854x87997,premium,2023-12-10,,51,Sherifort,F
M0347,Roger Colon,brandon37@example.net,001-253-976-5302x7885,basic,2022-03-26,,56,East John,M
M0348,Jesse Burke,mjenkins@example.net,+1-567-456-2753,basic,2023-07-13,,38,Lake Sarahstad,Other
M0349,Phillip Hodges,lutzamanda@example.net,001-689-283-2177,standard,2022-10-30,,45,Graychester,M
M0350,Roger Murray,mary12@example.org,(485)548-5720x690,basic,2023-12-08,,64,South Andrewborough,F
M0351,Craig Davis,megan80@example.com,913-425-2801x349,basic,2023-09-22,,21,North Chelseafort,M
M0352,Sarah Figueroa,laurenramirez@example.net,001-899-831-0042,basic,2023-11-19,,65,North Erik,Other
M0353,David Williams,austinparks@example.com,716-799-9853,basic,2022-06-13,,56,Heatherstad,Other
M0354,Ms. Sandra Jennings,jdickson@example.org,+1-592-817-7106x300,basic,2023-03-25,2023-06-27,59,Edwardburgh,F
M0355,Michael Gonzalez,torresrose@example.net,571-862-4941x416,standard,2023-01-06,,56,Mathewshaven,M
M0356,Matthew Harper,rivasalexander@example.org,(543)263-8295,basic,2023-11-27,,46,Lake Angela,M
M0357,Jerome Lewis,cward@example.org,001-362-209-4686,basic,2023-08-11,2024-04-14,59,Lake Brandon,F
M0358,Elizabeth Taylor,fscott@example.net,(876)910-7908x5055,basic,2022-09-13,,29,South Lisa,F
M0359,Denise Phillips,parsonsashley@example.org,351.382.3833x672,standard,2023-06-15,,34,Williamsville,F
M0360,Crystal Hill,sherryharrington@example.net,531.441.8402x827,premium,2023-12-22,,36,Colemanberg,Other
M0361,Melissa Smith,christopher27@example.net,(301)526-3885x79395,premium,2023-05-18,2023-09-24,46,New Caitlin,M
M0362,Michelle Jones,jamesdebra@example.net,001-895-639-5412x3239,basic,2024-01-01,,61,Teresaton,F
M0363,April Leblanc,carterlaura@example.net,534.254.0210,basic,2023-11-15,,52,Lake Thomasview,F
M0364,David Walker,eileenthomas@example.com,552-320-0005,standard,2022-11-04,,62,New Erica,Other
M0365,April Ellis,hendersonsteven@example.com,647.457.9803,standard,2022-06-28,,25,Tanyachester,M
M0366,Emily Roberts,coledennis@example.org,968.551.2465,basic,2022-05-23,2023-03-31,53,Tracyville,Other
M0367,Suzanne Wilson,alvarezkyle@example.com,001-526-844-0173x21726,premium,2023-01-13,,26,Rileytown,Other
M0368,Steven Delgado,gregoryburns@example.org,641.869.3792,premium,2022-03-30,2022-12-18,64,Serranoshire,F
M0369,Richard Conner,garciashannon@example.org,362.702.9645,basic,2023-06-23,,54,Port Larry,M
M0370,David Perry,dbell@example.org,+1-453-995-5864x439,standard,2022-05-09,,46,West Vanessaview,F
M0371,Casey Meyer,scott15@example.org,979-873-0176x08943,basic,2023-11-28,,53,Meganfort,Other
M0372,Denise Dawson,bnorman@example.net,+1-537-811-9156,basic,2023-08-25,2023-12-29,21,East Robertmouth,M
M0373,Frank Ortiz,martinezdesiree@example.org,001-786-991-5476x687,basic,2023-06-15,2023-11-06,63,Landrystad,M
M0374,John Baker,ypowell@example.com,934.878.5395x66003,standard,2022-12-21,,36,North Kim,M
M0375,Brandi Young,charlesdixon@example.org,+1-454-719-1892x5752,basic,2022-09-14,2023-08-22,58,Port Laurenport,F
M0376,Brittany Martinez,gardnersteven@example.com,(900)879-6990,standard,2023-09-22,,28,New Markland,Other
M0377,Heather Flores,morrissandra@example.org,+1-289-498-9231,standard,2023-08-18,2024-06-01,56,New Amanda,F
M0378,Luke Jenkins,wesleyhall@example.net,+1-487-935-7581x634,basic,2023-08-01,2023-10-14,59,Beasleytown,Other
M0379,Sarah Morrison,fmcbride@example.com,(420)433-1007x16171,standard,2022-09-29,,44,West Nicolebury,Other
M0380,Steven Massey,ymoore@example.org,723-218-8542,standard,2023-10-17,2024-06-01,59,Williamsberg,F
M0381,Christopher Davidson,bwilliams@example.net,982-504-8770x393,basic,2023-05-10,2024-02-01,22,Elliottton,Other
M0382,Christopher Blankenship,bryansanchez@example.com,4515758806,basic,2022-03-03,2022-11-30,31,Russellchester,F
M0383,Jay Brady,simskevin@example.com,202.484.9529x14624,standard,2023-09-14,2024-04-24,40,Taylorside,F
M0384,Paul Mccullough,gerald85@example.net,506-680-5525x04364,standard,2022-05-14,,24,West Sharonborough,F
M0385,Kevin Mcmillan,hsmith@example.com,955-727-3880x668,basic,2022-09-05,,33,Wheelerchester,M
M0386,Jacqueline Gillespie,matthew06@example.net,(706)923-1015,premium,2022-04-10,2022-12-22,44,South Kyleville,M
M0387,Ashley Henry,eburns@example.org,922.741.3647,premium,2022-06-13,,64,East Davidville,F
M0388,Jacob Barnett,vwilliams@example.net,280-471-3298x6144,basic,2022-07-14,,50,Port Leah,F
M0389,Mary Freeman,whitejustin@example.com,+1-466-973-9214x867,basic,2023-05-26,,23,Kellybury,F
M0390,Brian Simpson,tammypham@example.net,285.296.4352x256,basic,2023-06-02,,55,West Holly,F
M0391,Kimberly Horton,cooperrobert@example.org,290.542.7009,standard,2022-02-19,2022-12-29,59,Joycestad,Other
M0392,Joseph Villarreal,taylorjames@example.com,7455402602,basic,2023-04-27,,24,North Hannah,F
M0393,Samantha Hall,laurenmcdonald@example.net,001-501-679-0648x540,standard,2022-05-18,,43,North Kevinmouth,F
M0394,Amy Griffith,radams@example.org,001-975-849-4720x41088,standard,2022-02-16,,30,North Paulchester,F
M0395,Sarah Ross,erikawright@example.net,638.889.0402,basic,2023-07-21,,46,South Christopherstad,Other
M0396,Kristen Wilson,reidjeffrey@example.org,+1-208-318-5676x5154,standard,2022-10-14,,57,Port Stephen,M
M0397,Lauren Johnson,patrick61@example.com,+1-700-747-3893x8359,basic,2022-05-12,,39,North Annettetown,Other
M0398,Tim Simmons,candace98@example.org,791.952.2884x39712,basic,2023-01-10,,50,New Garyshire,F
M0399,Jennifer Barton,wheelerluis@example.com,001-458-966-1108x84131,basic,2023-05-28,2023-08-15,39,South George,F
M0400,Cindy Marshall,pagemichele@example.com,202-492-1465,standard,2023-06-16,,50,West Garretthaven,M
M0401,Bradley Bailey MD,joshuahamilton@example.com,+1-238-270-4633,basic,2022-12-02,,43,North Maryfurt,Other
M0402,Jennifer Murphy,watkinsannette@example.net,001-985-784-1449x166,standard,2022-11-03,,50,Kleintown,Other
M0403,Lori Brooks,iwoodard@example.com,743-738-7751,basic,2023-05-17,,19,North Stacyview,F
M0404,Jack Hahn,adamskeith@example.com,+1-994-633-0249x38609,premium,2022-12-06,,55,Kellyville,F
M0405,Jeffrey Hicks,jwillis@example.com,(593)600-5016x42070,standard,2023-12-06,,34,Port William,Other
M0406,Grant Bell,jfrank@example.com,001-443-710-7909,standard,2023-08-16,,55,North William,F
M0407,Katie Reed,sharon13@example.org,760-410-1981,standard,2022-06-24,,42,Lake Seantown,M
M0408,Stephanie Dixon,jonessteven@example.com,+1-464-678-3214x964,premium,2023-11-29,2024-06-01,25,South Christinemouth,M
M0409,Victoria Duffy,mooretina@example.net,394-279-1487,basic,2022-01-20,,44,East Mirandaberg,Other
M0410,Craig Marshall,georgecurtis@example.com,001-331-803-0044x11937,standard,2022-07-28,,48,Port Danielleberg,Other
M0411,Tammy Rose,robinsonkathryn@example.com,500.456.7084x70147,standard,2022-03-05,,53,Jacquelineland,F
M0412,Briana Flores,flopez@example.net,967.446.8835x462,basic,2023-11-10,,29,Port Kevinfort,F
M0413,John Wright,blairsamantha@example.net,(590)237-5773,basic,2023-06-30,,64,New Wendy,Other
M0414,Rachel Rios,kimberlystevenson@example.com,948-488-8118,basic,2023-10-21,,48,North Kennethtown,M
M0415,Rhonda Gentry,yscott@example.net,+1-922-217-5091x9529,basic,2022-09-10,,37,Arnoldland,F
M0416,Ryan Thomas,steven07@example.net,+1-305-766-6864x6673,basic,2023-12-23,2024-06-01,40,Kristenview,Other
M0417,Steven Davis,williamsandrea@example.net,651.739.9121x108,standard,2022-10-08,,52,Port Joseph,F
M0418,Daniel Osborn,fwalker@example.com,001-759-628-0616x48820,premium,2023-02-09,,27,Stephanieburgh,F
M0419,Terry Murillo,trandustin@example.com,+1-279-519-5048x921,standard,2022-02-13,,40,Port Duaneberg,F
M0420,Jeffrey Young,sharonrubio@example.com,239.735.0217x79188,basic,2023-11-03,,30,New Allison,Other
M0421,Katelyn Schneider,osmith@example.net,001-363-584-3542x99457,standard,2022-10-05,,26,Markview,M
M0422,Brian Fisher,hescobar@example.net,001-777-834-4497x0655,basic,2023-09-23,,21,West Tracy,Other
M0423,Michael Yoder,kandrade@example.net,527.279.2222x0676,basic,2023-06-28,2023-12-24,44,Port Austinberg,F
M0424,Susan Pratt,ybaldwin@example.com,+1-509-401-2422x56813,basic,2023-04-29,2023-09-06,53,Thomasborough,M
M0425,Joshua Elliott,jacob77@example.org,558.401.4721,premium,2023-02-21,,48,Danielsland,F
M0426,Dr. Wayne Pugh,veronicahall@example.net,+1-241-989-0236,basic,2023-10-29,2024-05-23,59,Michaelside,M
M0427,Derrick Haney,michaelmarks@example.org,(956)521-2304,basic,2022-04-02,,65,New Michelleberg,Other
M0428,David Sanchez,monicamiles@example.org,001-582-875-5728x02559,basic,2022-02-08,,29,Lisafort,M
M0429,Mark Roberts,jeanette03@example.com,(226)963-1147x4049,basic,2023-02-11,,65,West Linda,F
M0430,Leah Nguyen,luke60@example.net,523.474.7780x9775,standard,2022-02-08,2023-01-24,39,Marytown,F
M0431,Jacqueline Weber,riverarobert@example.net,923.466.4395,standard,2023-04-11,,49,South Gregorybury,M
M0432,Nicholas Stout,fwatson@example.org,+1-630-736-7929x2347,basic,2023-06-01,,25,New Jennifer,F
M0433,Debbie Bean,gabrieladay@example.org,864.962.0628,standard,2022-06-16,,63,Davidland,M
M0434,Joseph Strickland,mark69@example.com,(289)528-3408x08104,standard,2022-01-15,,54,Sandrachester,Other
M0435,Donna Walker,loneill@example.net,300-847-7063,premium,2022-07-17,2023-08-08,45,Amyhaven,Other
M0436,Eric Kemp,nalvarado@example.org,6902231160,basic,2022-12-02,2023-03-20,26,Stacyview,F
M0437,William Giles,ddickson@example.org,(733)660-1745,basic,2022-11-28,,42,New Billy,M
M0438,Brandon Alvarez,whernandez@example.com,001-623-816-1267x1966,premium,2023-04-03,,37,Fisherhaven,Other
M0439,Matthew Jones,btodd@example.org,001-909-877-2121x49345,basic,2023-08-10,2024-06-01,33,Williamhaven,M
M0440,Joel Kelly,vsimmons@example.org,001-803-850-5446x2748,basic,2023-11-15,2024-06-01,61,Heathborough,Other
M0441,Lisa Thomas,stokeskaren@example.org,(314)597-7669x8576,standard,2023-12-22,,58,Melindabury,F
M0442,Nicole Christensen,foxdanielle@example.org,714.474.7783x951,basic,2023-01-12,,26,Sharpborough,F
M0443,Barbara Diaz,polson@example.com,625.873.8458x7617,premium,2022-06-06,,41,Gregoryborough,F
M0444,Laura Sanchez,jonesrandy@example.net,647.500.2911x4237,basic,2023-12-20,,52,South Williamshire,Other
M0445,Willie Roberts,bettynielsen@example.com,(970)871-6067x11501,standard,2022-08-12,,56,Lopezfurt,M
M0446,Andrew Taylor,whitejennifer@example.net,(243)466-9357x46395,standard,2023-06-23,,22,Port Christine,Other
M0447,Thomas Adkins,webbemily@example.org,843.691.6281x897,premium,2022-04-25,2023-03-31,30,Ortegamouth,Other
M0448,William Mayo,rhansen@example.com,(537)588-7645x931,premium,2023-07-04,2024-02-16,46,East Katherinestad,M
M0449,Benjamin Norris,nelsondanny@example.com,759-828-6512x2233,basic,2023-11-28,2024-06-01,50,Markmouth,F
M0450,Brian Meza,xanderson@example.org,001-583-281-3189x0174,standard,2022-02-26,,47,Blanchardport,Other
M0451,Katherine Weiss,katherine95@example.net,811.712.9783x180,standard,2022-03-01,,37,Marquezfurt,Other
M0452,Jessica Gomez,smithwanda@example.org,478-914-9493x79669,premium,2022-01-23,,65,Stephanieview,M
M0453,Robert Black,kbeck@example.com,575-665-9196,basic,2023-08-16,2024-05-18,22,Lake Andrewside,Other
M0454,Sarah Olson,elopez@example.org,+1-373-255-9240,basic,2022-03-03,,48,East Kyleport,M
M0455,Elizabeth Lewis,jamesdominguez@example.org,852.718.3321,standard,2022-10-21,,59,Claudiaside,Other
M0456,Ashlee Lopez,crawfordnicole@example.net,299.294.2431,basic,2023-10-24,,42,Lake Christopher,F
M0457,Jessica Bell,davidbranch@example.com,+1-822-999-8239x0299,standard,2023-01-22,,60,South Brandychester,Other
M0458,Angela Gould,walterjimenez@example.org,931-758-7891x0423,basic,2022-05-17,,29,Berryton,Other
M0459,Brandon Davis,denise09@example.org,+1-974-521-2997x43505,standard,2023-02-07,,32,North Alexander,M
M0460,Mark Stewart,troy55@example.org,001-402-336-7939x33745,basic,2022-01-24,,64,East Kelly,Other
M0461,Craig Velez,denisebryant@example.com,+1-368-865-5424x20583,premium,2023-03-11,,33,Port Anthony,F
M0462,Shawn Moran,vasquezmonica@example.net,+1-636-879-1269x612,premium,2022-12-21,2023-05-26,64,West Henryfort,M
M0463,Jose Diaz,salasamanda@example.com,(467)364-2464x04675,basic,2022-02-02,,19,Gonzalesmouth,M
M0464,Michael Sanchez,mary57@example.net,(594)944-9023,basic,2022-07-31,2023-07-30,56,Kaylabury,Other
M0465,Mariah Roberts,martin68@example.net,+1-608-743-2376x6780,basic,2023-12-22,,20,North Karen,F
M0466,Austin Fritz,rachel60@example.com,+1-815-934-3014x4274,standard,2023-03-26,2023-09-13,21,North Mary,M
M0467,Mark Martinez,xrollins@example.com,(467)202-5795x9209,basic,2023-05-31,,64,South Michaelhaven,Other
M0468,Suzanne Franklin,bethanycrawford@example.com,694.962.2712,standard,2022-11-23,,38,Hunthaven,M
M0469,Thomas Blackwell,fieldsrobert@example.org,887.663.7243x027,premium,2022-11-06,,51,Ricebury,M
M0470,Matthew Terrell,fernandezmelanie@example.com,(540)426-4791,basic,2023-02-28,,55,Port Rachel,Other
M0471,Angela Black,jeffflores@example.net,618.508.1062,basic,2022-06-29,,49,Elizabethfurt,M
M0472,Todd George,oturner@example.com,534.955.3182x86385,standard,2022-12-19,,51,Chelseafort,F
M0473,Sarah Henson,jessicanguyen@example.net,882-604-1120x1705,basic,2023-12-15,,42,Lake Jessehaven,M
M0474,Sergio Walsh,clarencecardenas@example.org,765-461-3960x055,premium,2023-07-05,,37,North Lisa,Other
M0475,Jacob Brennan,kyleperez@example.net,001-608-702-1236x13376,premium,2022-05-28,,53,West Olivia,F
M0476,Lori Johnson,kenneth24@example.net,235-583-9735x4047,basic,2023-03-03,,33,Whitneyton,F
M0477,Molly Stephens,anthonyowen@example.org,286-785-3138x47806,basic,2022-07-28,,46,Port Edward,F
M0478,Jill Morris,morrisandrea@example.com,406.639.5150x680,premium,2022-04-05,,21,East Brandimouth,F
M0479,Nicholas Singleton,darrenhumphrey@example.com,(401)953-4483x3962,standard,2023-01-22,,22,Louisberg,M
M0480,Douglas Ortiz,katie24@example.org,323-933-3708,standard,2023-08-25,,48,North Robertchester,M
M0481,Jacob Jacobs,pestrada@example.net,(957)356-8069,premium,2022-12-07,,31,South Justinport,M
M0482,Kathleen Gomez,lisamosley@example.net,(617)760-6568,standard,2022-05-01,,33,Romerotown,Other
M0483,Taylor Crawford,nunezjennifer@example.com,(363)977-7519x141,basic,2023-09-11,,33,South Brian,Other
M0484,Amy Jackson,ericksonjoseph@example.org,(897)736-6941x741,basic,2022-11-26,,52,Hillmouth,Other
M0485,Lauren Mendez,melissawolfe@example.org,(872)863-4013,basic,2023-01-03,,49,Charlesshire,F
M0486,Elizabeth Johnson,fjones@example.com,993-847-0384,standard,2022-04-11,,38,Gutierrezberg,M
M0487,Greg Mccoy,sanchezmonica@example.com,735-527-8834,basic,2023-01-15,,32,South Daryl,Other
M0488,William Thompson,christopherortiz@example.net,578-619-9019,premium,2022-05-30,2023-05-08,55,South Daniel,Other
M0489,Russell Lopez,belljoseph@example.net,775-327-1958,basic,2023-03-04,,32,Timothyhaven,F
M0490,Matthew Hanna,jenniferpowers@example.org,449-996-4016x5174,basic,2023-08-07,,59,Lake Willie,Other
M0491,Tamara Carter,john16@example.org,001-603-796-7245x989,premium,2022-12-12,,64,Ronaldstad,Other
M0492,Tammy Wells,rodriguezmitchell@example.net,001-605-872-2218x29784,standard,2023-05-18,,40,Bennettmouth,M
M0493,Ashley Bowers,joseph97@example.com,001-504-445-0958x7692,basic,2022-05-24,,52,East Megan,Other
M0494,Sheri Lewis,kaylee42@example.org,659.540.4122x0689,premium,2022-03-02,,22,Port Jennifer,Other
M0495,Brandy Carr,timothy50@example.org,001-393-304-1801x3546,basic,2022-02-19,,58,Penaville,M
M0496,Sarah Berry,kingdamon@example.com,448-308-6617x998,basic,2022-03-11,,50,Andrewburgh,F
M0497,Thomas Bryant,brownelizabeth@example.org,+1-217-421-7773x383,standard,2023-01-18,2024-02-08,57,East Teresabury,F
M0498,Norma Long,eparker@example.com,499-862-4186,basic,2023-11-07,,53,South Austinville,F
M0499,Christopher Williams,francispaul@example.com,805-338-6276,standard,2022-01-13,2022-08-01,36,West Matthewshire,M
